{"pitch": [-3.5604677029122604, 4.844209141490775, 113.5937083920018, 8.901692559373764], "energy": [-2.2423198223114014, 1.1480807065963745, 97.87788286019207, 43.60802786911686]}